{
  "ADL": {
    "precision": 0.8888888888888888,
    "recall": 1.0,
    "f1-score": 0.9411764705882353,
    "support": 24.0
  },
  "Fall": {
    "precision": 1.0,
    "recall": 0.875,
    "f1-score": 0.9333333333333333,
    "support": 24.0
  },
  "accuracy": 0.9375,
  "macro avg": {
    "precision": 0.9444444444444444,
    "recall": 0.9375,
    "f1-score": 0.9372549019607843,
    "support": 48.0
  },
  "weighted avg": {
    "precision": 0.9444444444444443,
    "recall": 0.9375,
    "f1-score": 0.9372549019607842,
    "support": 48.0
  }
}