{
  "ADL": {
    "precision": 0.8148148148148148,
    "recall": 0.9166666666666666,
    "f1-score": 0.8627450980392157,
    "support": 24.0
  },
  "Fall": {
    "precision": 0.9047619047619048,
    "recall": 0.7916666666666666,
    "f1-score": 0.8444444444444444,
    "support": 24.0
  },
  "accuracy": 0.8541666666666666,
  "macro avg": {
    "precision": 0.8597883597883598,
    "recall": 0.8541666666666666,
    "f1-score": 0.8535947712418301,
    "support": 48.0
  },
  "weighted avg": {
    "precision": 0.8597883597883597,
    "recall": 0.8541666666666666,
    "f1-score": 0.85359477124183,
    "support": 48.0
  }
}