{
  "ADL": {
    "precision": 1.0,
    "recall": 0.8148148148148148,
    "f1-score": 0.8979591836734694,
    "support": 27.0
  },
  "Fall": {
    "precision": 0.782608695652174,
    "recall": 1.0,
    "f1-score": 0.8780487804878049,
    "support": 18.0
  },
  "accuracy": 0.8888888888888888,
  "macro avg": {
    "precision": 0.8913043478260869,
    "recall": 0.9074074074074074,
    "f1-score": 0.8880039820806371,
    "support": 45.0
  },
  "weighted avg": {
    "precision": 0.9130434782608696,
    "recall": 0.8888888888888888,
    "f1-score": 0.8899950223992036,
    "support": 45.0
  }
}