{
  "ADL": {
    "precision": 0.9375,
    "recall": 1.0,
    "f1-score": 0.967741935483871,
    "support": 30.0
  },
  "Fall": {
    "precision": 1.0,
    "recall": 0.9333333333333333,
    "f1-score": 0.9655172413793104,
    "support": 30.0
  },
  "accuracy": 0.9666666666666667,
  "macro avg": {
    "precision": 0.96875,
    "recall": 0.9666666666666667,
    "f1-score": 0.9666295884315907,
    "support": 60.0
  },
  "weighted avg": {
    "precision": 0.96875,
    "recall": 0.9666666666666667,
    "f1-score": 0.9666295884315907,
    "support": 60.0
  }
}