{
  "ADL": {
    "precision": 0.9583333333333334,
    "recall": 0.7666666666666667,
    "f1-score": 0.8518518518518519,
    "support": 30.0
  },
  "Fall": {
    "precision": 0.8055555555555556,
    "recall": 0.9666666666666667,
    "f1-score": 0.8787878787878788,
    "support": 30.0
  },
  "accuracy": 0.8666666666666667,
  "macro avg": {
    "precision": 0.8819444444444444,
    "recall": 0.8666666666666667,
    "f1-score": 0.8653198653198653,
    "support": 60.0
  },
  "weighted avg": {
    "precision": 0.8819444444444445,
    "recall": 0.8666666666666667,
    "f1-score": 0.8653198653198653,
    "support": 60.0
  }
}