{
  "ADL": {
    "precision": 1.0,
    "recall": 0.9722222222222222,
    "f1-score": 0.9859154929577465,
    "support": 36.0
  },
  "Fall": {
    "precision": 0.96,
    "recall": 1.0,
    "f1-score": 0.9795918367346939,
    "support": 24.0
  },
  "accuracy": 0.9833333333333333,
  "macro avg": {
    "precision": 0.98,
    "recall": 0.9861111111111112,
    "f1-score": 0.9827536648462202,
    "support": 60.0
  },
  "weighted avg": {
    "precision": 0.984,
    "recall": 0.9833333333333333,
    "f1-score": 0.9833860304685254,
    "support": 60.0
  }
}