{
  "ADL": {
    "precision": 0.5142857142857142,
    "recall": 0.75,
    "f1-score": 0.6101694915254238,
    "support": 24.0
  },
  "Fall": {
    "precision": 0.5384615384615384,
    "recall": 0.2916666666666667,
    "f1-score": 0.3783783783783784,
    "support": 24.0
  },
  "accuracy": 0.5208333333333334,
  "macro avg": {
    "precision": 0.5263736263736263,
    "recall": 0.5208333333333334,
    "f1-score": 0.4942739349519011,
    "support": 48.0
  },
  "weighted avg": {
    "precision": 0.5263736263736264,
    "recall": 0.5208333333333334,
    "f1-score": 0.49427393495190103,
    "support": 48.0
  }
}