{
  "ADL": {
    "precision": 0.7931034482758621,
    "recall": 0.9583333333333334,
    "f1-score": 0.8679245283018868,
    "support": 24.0
  },
  "Fall": {
    "precision": 0.9473684210526315,
    "recall": 0.75,
    "f1-score": 0.8372093023255814,
    "support": 24.0
  },
  "accuracy": 0.8541666666666666,
  "macro avg": {
    "precision": 0.8702359346642468,
    "recall": 0.8541666666666667,
    "f1-score": 0.8525669153137341,
    "support": 48.0
  },
  "weighted avg": {
    "precision": 0.8702359346642469,
    "recall": 0.8541666666666666,
    "f1-score": 0.8525669153137341,
    "support": 48.0
  }
}