{
  "ADL": {
    "precision": 1.0,
    "recall": 0.9583333333333334,
    "f1-score": 0.9787234042553191,
    "support": 24.0
  },
  "Fall": {
    "precision": 0.96,
    "recall": 1.0,
    "f1-score": 0.9795918367346939,
    "support": 24.0
  },
  "accuracy": 0.9791666666666666,
  "macro avg": {
    "precision": 0.98,
    "recall": 0.9791666666666667,
    "f1-score": 0.9791576204950065,
    "support": 48.0
  },
  "weighted avg": {
    "precision": 0.98,
    "recall": 0.9791666666666666,
    "f1-score": 0.9791576204950064,
    "support": 48.0
  }
}