{
  "ADL": {
    "precision": 1.0,
    "recall": 0.9444444444444444,
    "f1-score": 0.9714285714285714,
    "support": 36.0
  },
  "Fall": {
    "precision": 0.9230769230769231,
    "recall": 1.0,
    "f1-score": 0.96,
    "support": 24.0
  },
  "accuracy": 0.9666666666666667,
  "macro avg": {
    "precision": 0.9615384615384616,
    "recall": 0.9722222222222222,
    "f1-score": 0.9657142857142857,
    "support": 60.0
  },
  "weighted avg": {
    "precision": 0.9692307692307692,
    "recall": 0.9666666666666667,
    "f1-score": 0.9668571428571427,
    "support": 60.0
  }
}