{
  "ADL": {
    "precision": 0.9310344827586207,
    "recall": 1.0,
    "f1-score": 0.9642857142857143,
    "support": 27.0
  },
  "Fall": {
    "precision": 1.0,
    "recall": 0.8888888888888888,
    "f1-score": 0.9411764705882353,
    "support": 18.0
  },
  "accuracy": 0.9555555555555556,
  "macro avg": {
    "precision": 0.9655172413793103,
    "recall": 0.9444444444444444,
    "f1-score": 0.9527310924369747,
    "support": 45.0
  },
  "weighted avg": {
    "precision": 0.9586206896551724,
    "recall": 0.9555555555555556,
    "f1-score": 0.9550420168067227,
    "support": 45.0
  }
}