{
  "ADL": {
    "precision": 1.0,
    "recall": 0.6944444444444444,
    "f1-score": 0.819672131147541,
    "support": 36.0
  },
  "Fall": {
    "precision": 0.6857142857142857,
    "recall": 1.0,
    "f1-score": 0.8135593220338984,
    "support": 24.0
  },
  "accuracy": 0.8166666666666667,
  "macro avg": {
    "precision": 0.8428571428571429,
    "recall": 0.8472222222222222,
    "f1-score": 0.8166157265907197,
    "support": 60.0
  },
  "weighted avg": {
    "precision": 0.8742857142857142,
    "recall": 0.8166666666666667,
    "f1-score": 0.817227007502084,
    "support": 60.0
  }
}