{
  "ADL": {
    "precision": 1.0,
    "recall": 0.9166666666666666,
    "f1-score": 0.9565217391304348,
    "support": 36.0
  },
  "Fall": {
    "precision": 0.8888888888888888,
    "recall": 1.0,
    "f1-score": 0.9411764705882353,
    "support": 24.0
  },
  "accuracy": 0.95,
  "macro avg": {
    "precision": 0.9444444444444444,
    "recall": 0.9583333333333333,
    "f1-score": 0.948849104859335,
    "support": 60.0
  },
  "weighted avg": {
    "precision": 0.9555555555555555,
    "recall": 0.95,
    "f1-score": 0.950383631713555,
    "support": 60.0
  }
}