{
  "ADL": {
    "precision": 0.5476190476190477,
    "recall": 0.7666666666666667,
    "f1-score": 0.6388888888888888,
    "support": 30.0
  },
  "Fall": {
    "precision": 0.6111111111111112,
    "recall": 0.36666666666666664,
    "f1-score": 0.4583333333333333,
    "support": 30.0
  },
  "accuracy": 0.5666666666666667,
  "macro avg": {
    "precision": 0.5793650793650794,
    "recall": 0.5666666666666667,
    "f1-score": 0.548611111111111,
    "support": 60.0
  },
  "weighted avg": {
    "precision": 0.5793650793650794,
    "recall": 0.5666666666666667,
    "f1-score": 0.548611111111111,
    "support": 60.0
  }
}