{
  "ADL": {
    "precision": 0.9705882352941176,
    "recall": 0.9166666666666666,
    "f1-score": 0.9428571428571428,
    "support": 36.0
  },
  "Fall": {
    "precision": 0.8846153846153846,
    "recall": 0.9583333333333334,
    "f1-score": 0.92,
    "support": 24.0
  },
  "accuracy": 0.9333333333333333,
  "macro avg": {
    "precision": 0.9276018099547512,
    "recall": 0.9375,
    "f1-score": 0.9314285714285715,
    "support": 60.0
  },
  "weighted avg": {
    "precision": 0.9361990950226243,
    "recall": 0.9333333333333333,
    "f1-score": 0.9337142857142858,
    "support": 60.0
  }
}