{
  "ADL": {
    "precision": 0.9782608695652174,
    "recall": 1.0,
    "f1-score": 0.989010989010989,
    "support": 45.0
  },
  "Fall": {
    "precision": 1.0,
    "recall": 0.9666666666666667,
    "f1-score": 0.9830508474576272,
    "support": 30.0
  },
  "accuracy": 0.9866666666666667,
  "macro avg": {
    "precision": 0.9891304347826086,
    "recall": 0.9833333333333334,
    "f1-score": 0.9860309182343081,
    "support": 75.0
  },
  "weighted avg": {
    "precision": 0.9869565217391304,
    "recall": 0.9866666666666667,
    "f1-score": 0.9866269323896444,
    "support": 75.0
  }
}